{"cameraMode":{"drawMode":0,"name":"Shaded","section":"Shading Mode"},"sceneLighting":false,"audioPlay":false,"sceneViewState":{"showFog":true,"showMaterialUpdate":false,"showSkybox":true,"showFlares":true,"showImageEffects":true,"showParticleSystems":true},"in2DMode":false,"pivot":{"x":0.0,"y":17.579999923706056,"z":-16.290000915527345},"rotation":{"x":0.24662625789642335,"y":0.39130255579948428,"z":-0.10969177633523941,"w":0.8797883987426758},"size":1.4705793857574463,"orthographic":false}