{"cameraMode":{"drawMode":0,"name":"Shaded","section":"Shading Mode"},"sceneLighting":false,"audioPlay":false,"sceneViewState":{"showFog":true,"showMaterialUpdate":false,"showSkybox":false,"showFlares":true,"showImageEffects":true,"showParticleSystems":true},"in2DMode":false,"pivot":{"x":0.005619823932647705,"y":-0.0115586519241333,"z":-0.03078603744506836},"rotation":{"x":-0.4107382595539093,"y":0.5631150603294373,"z":-0.38056111335754397,"w":-0.6077662110328674},"size":0.8660253882408142,"orthographic":false}