{"cameraMode":{"drawMode":0,"name":"Shaded","section":"Shading Mode"},"sceneLighting":false,"audioPlay":false,"sceneViewState":{"showFog":true,"showMaterialUpdate":false,"showSkybox":false,"showFlares":true,"showImageEffects":true,"showParticleSystems":true},"in2DMode":false,"pivot":{"x":-0.11063683032989502,"y":-0.03385709971189499,"z":0.18480509519577027},"rotation":{"x":-0.0123268598690629,"y":-0.938140332698822,"z":0.34446507692337038,"w":-0.033506326377391818},"size":0.9944876432418823,"orthographic":true}