{"cameraMode":{"drawMode":0,"name":"Shaded","section":"Shading Mode"},"sceneLighting":false,"audioPlay":false,"sceneViewState":{"showFog":true,"showMaterialUpdate":false,"showSkybox":false,"showFlares":true,"showImageEffects":true,"showParticleSystems":true},"in2DMode":false,"pivot":{"x":-0.16832506656646729,"y":0.18025924265384675,"z":0.5243746638298035},"rotation":{"x":0.0035506514832377435,"y":-0.9812431335449219,"z":-0.018260382115840913,"w":-0.19197770953178407},"size":1.8814854621887208,"orthographic":true}