{"cameraMode":{"drawMode":0,"name":"Shaded","section":"Shading Mode"},"sceneLighting":false,"audioPlay":false,"sceneViewState":{"showFog":true,"showMaterialUpdate":false,"showSkybox":true,"showFlares":true,"showImageEffects":true,"showParticleSystems":true},"in2DMode":false,"pivot":{"x":0.01610732078552246,"y":-1.89764404296875,"z":0.3695106506347656},"rotation":{"x":-0.15956522524356843,"y":0.08193089812994003,"z":-0.013289988040924073,"w":-0.983695387840271},"size":9.874726295471192,"orthographic":false}